Workbook

Sheet Portada
B12: Sistema de Creación de Contenido
B15: Variante 3: Minimalista y Elegante
B20: Versión: 1.0 | Fecha: 22 de November de 2025

Sheet Resumen Ejecutivo
B2: Resumen Ejecutivo
B3: ──────────────────────────────────────────────────
B5: KPIs Principales
B7: Métrica | C7: Valor | D7: Objetivo | E7: Estado
B8: Contenidos Creados | C8: 45 | D8: 50 | E8: 90%
B9: Tasa de Engagement | C9: 8.5% | D9: 10% | E9: 85%
B10: Alcance Total | C10: 125K | D10: 150K | E10: 83%
B11: Conversiones | C11: 23 | D11: 30 | E11: 77%

Sheet Estructura del Sistema
B2: Estructura del Sistema de Creación de Contenido
B3: ──────────────────────────────────────────────────
B5: Goal | C5: Definición del objetivo del Content Creator
B8: Format Rules | C8: Reglas de formato para contenido bien estructurado
B11: Restrictions | C11: Restricciones y límites del sistema
B14: Query Type | C14: Tipos de consulta soportados
B17: Planning Rules | C17: Reglas para planificación de contenido
B20: Output | C20: Especificaciones de salida
B23: Personalization | C23: Personalización del sistema

Sheet Tipos de Contenido
B2: Tipos de Contenido Soportados
B3: ──────────────────────────────────────────────────
B5: Tipo | C5: Descripción
B6: Blog Articles | C6: Artículos largos y detallados con secciones claras, markdown y headings
B7: Social Media Posts | C7: Contenido conciso y atractivo optimizado para plataformas específicas
B8: Email Marketing | C8: Mensajes claros con llamados a la acción fuertes
B9: Landing Pages | C9: Copy persuasivo y enfocado en conversión
B10: Copywriting | C10: Lenguaje persuasivo con propuestas de valor claras
B11: Product Descriptions | C11: Descripciones detalladas con características y beneficios
B12: SEO Content | C12: Contenido optimizado con keywords naturales
B13: Creative Writing | C13: Escritura creativa siguiendo dirección del usuario
B14: Technical Documentation | C14: Documentación técnica con ejemplos de código
B15: Content Strategy | C15: Estrategia de contenido basada en brand guidelines

Sheet Métricas y Análisis
B2: Análisis de Métricas
B3: ──────────────────────────────────────────────────
B5: Mes | C5: Contenidos | D5: Engagement % | E5: Alcance | F5: Conversiones | G5: ROI %
B6: Enero | C6: 35 | D6: 7.2 | E6: 87500 | F6: 17 | G6: =((E6*10-B6*50)/B6/50)*100
B7: Febrero | C7: 42 | D7: 8.1 | E7: 105000 | F7: 21 | G7: =((E7*10-B7*50)/B7/50)*100
B8: Marzo | C8: 38 | D8: 7.8 | E8: 95000 | F8: 19 | G8: =((E8*10-B8*50)/B8/50)*100
B9: Abril | C9: 45 | D9: 8.5 | E9: 112500 | F9: 22 | G9: =((E9*10-B9*50)/B9/50)*100
B10: Mayo | C10: 48 | D10: 9.1 | E10: 120000 | F10: 24 | G10: =((E10*10-B10*50)/B10/50)*100
B11: Junio | C11: 52 | D11: 9.5 | E11: 130000 | F11: 26 | G11: =((E11*10-B11*50)/B11/50)*100

Sheet Glosario
B2: Glosario de Términos
B3: ──────────────────────────────────────────────────
B5: Content Creator | C5: Profesional especializado en crear contenido estratégico y de alto rendimiento
B7: Brand Voice | C7: Tono y estilo único de comunicación de una marca
B9: Content Brief | C9: Documento que especifica los requisitos y objetivos del contenido
B11: Engagement | C11: Interacción del público con el contenido (likes, comentarios, shares)
B13: Call-to-Action (CTA) | C13: Invitación clara a realizar una acción específica
B15: SEO | C15: Optimización para motores de búsqueda
B17: UGC | C17: Contenido generado por usuarios
B19: Landing Page | C19: Página web diseñada para convertir visitantes en clientes

Sheet Fórmulas Avanzadas
B2: Fórmulas Avanzadas y Ejemplos
B3: ──────────────────────────────────────────────────
B5: Categoría | C5: Fórmula | D5: Descripción | E5: Ejemplo
B6: Búsqueda | C6: BUSCARV(valor;matriz;columna;0) | D6: Busca un valor en la primera columna | E6: =BUSCARV(A2;Datos!A:B;2;0)
B7: Búsqueda | C7: INDICE(matriz;fila;columna) | D7: Devuelve valor de matriz | E7: =INDICE(A1:C10;5;2)
B8: Condicional | C8: SUMAR.SI(rango;criterio;suma) | D8: Suma con condición | E8: =SUMAR.SI(B:B;">100";C:C)
B9: Condicional | C9: CONTAR.SI(rango;criterio) | D9: Cuenta con condición | E9: =CONTAR.SI(A:A;"Aprobado")
B10: Lógica | C10: SI(condición;verdadero;falso) | D10: Lógica condicional | E10: =SI(A1>100;"Alto";"Bajo")
B11: Lógica | C11: SI.ERROR(valor;valor_si_error) | D11: Manejo de errores | E11: =SI.ERROR(A1/B1;"Error")
B12: Texto | C12: CONCATENAR(texto1;texto2) | D12: Une textos | E12: =CONCATENAR(A1;" ";B1)
B13: Texto | C13: EXTRAE(texto;inicio;longitud) | D13: Extrae parte del texto | E13: =EXTRAE(A1;1;5)
B14: Fecha | C14: AÑO(fecha) | D14: Extrae año | E14: =AÑO(HOY())
B15: Fecha | C15: MES(fecha) | D15: Extrae mes | E15: =MES(HOY())
B16: Estadística | C16: PROMEDIO.SI(rango;criterio) | D16: Promedio condicional | E16: =PROMEDIO.SI(A:A;">50")
B17: Estadística | C17: DESVEST(rango) | D17: Desviación estándar | E17: =DESVEST(A1:A100)

Sheet Validación de Datos
B2: Validación de Datos
B3: ──────────────────────────────────────────────────
B5: Campo | C5: Tipo Validación | D5: Valores Permitidos | E5: Descripción
B6: Tipo de Contenido | C6: Lista | D6: Blog, Social Media, Email, Landing | E6: Selección de tipo
B7: Estado | C7: Lista | D7: Borrador, Revisión, Publicado | E7: Estado del contenido
B8: Prioridad | C8: Lista | D8: Alta, Media, Baja | E8: Nivel de prioridad
B9: Fecha Publicación | C9: Fecha | D9: >=HOY() | E9: Fecha futura o hoy
B10: Engagement % | C10: Decimal | D10: 0-100 | E10: Porcentaje de engagement
B11: Alcance | C11: Entero | D11: >=0 | E11: Número positivo
B15: Ejemplo Práctico
B16: Tipo: | C16: Estado:
B17: Selecciona... | C17: Selecciona...

Sheet Casos de Uso
B2: Casos de Uso Prácticos
B3: ──────────────────────────────────────────────────
B5: Caso 1: Blog Article | C5: Crear un artículo de blog de 2000 palabras sobre "Tendencias de Marketing Digital 2025" con secciones claras, citas y llamados a la acción
B7: Caso 2: Social Media | C7: Generar 10 publicaciones para Instagram sobre un nuevo producto, optimizadas para engagement y con hashtags relevantes
B9: Caso 3: Email Marketing | C9: Crear una secuencia de 5 emails de bienvenida para nuevos suscriptores con CTAs estratégicos
B11: Caso 4: Landing Page | C11: Desarrollar copy persuasivo para landing page de producto SaaS con enfoque en conversión
B13: Caso 5: Product Description | C13: Escribir descripciones detalladas de productos e-commerce con características, beneficios y puntos de venta
B15: Caso 6: SEO Content | C15: Crear contenido optimizado para SEO sobre "Cómo mejorar el SEO técnico" con keywords naturales
B17: Caso 7: Technical Doc | C17: Documentar API REST con ejemplos de código, endpoints y casos de uso
B19: Caso 8: Content Strategy | C19: Desarrollar estrategia de contenido trimestral basada en brand guidelines y objetivos de negocio

Sheet Dashboard
B2: Dashboard de Métricas
B5: Total Contenidos | C5: =SUM('Métricas y Análisis'!C6:C11)
B7: Promedio Engagement | C7: =AVERAGE('Métricas y Análisis'!D6:D11)
B9: Total Alcance | C9: =SUM('Métricas y Análisis'!E6:E11)
B11: Total Conversiones | C11: =SUM('Métricas y Análisis'!F6:F11)

Sheet Checklist de Calidad
B2: Checklist de Calidad
B3: ──────────────────────────────────────────────────
B5: Item | C5: Estado | D5: Notas
B6: El contenido comienza con un gancho o resumen | C6: Pendiente
B7: No hay encabezados al inicio del contenido | C7: Pendiente
B8: Secciones principales usan encabezados nivel 2 | C8: Pendiente
B9: Listas son planas, sin anidamiento | C9: Pendiente
B10: Tablas usadas para comparaciones | C10: Pendiente
B11: Citas incluidas correctamente | C11: Pendiente
B12: Expresiones matemáticas en LaTeX | C12: Pendiente
B13: Fuentes citadas con formato correcto | C13: Pendiente
B14: No hay lenguaje de moralización | C14: Pendiente
B15: No hay contenido con derechos de autor | C15: Pendiente
B16: No hay emojis en el cuerpo | C16: Pendiente
B17: Contenido termina con CTA o próximos pasos | C17: Pendiente
... B20: Formato consistente en todo el documento | C20: Pendiente

Sheet Calendario Editorial
B2: Calendario Editorial
B3: ──────────────────────────────────────────────────
B5: Fecha | C5: Tipo | D5: Título | E5: Plataforma | F5: Estado | G5: Autor | H5: Notas
B6: 2025-01-15 | C6: Blog | D6: Tendencias Marketing 2025 | E6: Website | F6: Publicado | G6: Ana García | H6: Alto engagement
B7: 2025-01-18 | C7: Social Media | D7: Lanzamiento Producto X | E7: Instagram | F7: Programado | G7: Carlos López | H7: Incluir hashtags
B8: 2025-01-20 | C8: Email | D8: Newsletter Semanal | E8: Email | F8: Borrador | G8: María Ruiz | H8: Revisar CTA
B9: 2025-01-22 | C9: Blog | D9: Guía SEO Completa | E9: Website | F9: Revisión | G9: Ana García | H9: Optimizar keywords
B10: 2025-01-25 | C10: Social Media | D10: Testimonial Cliente | E10: LinkedIn | F10: Programado | G10: Carlos López | H10: Incluir imagen

Sheet Análisis Competencia
B2: Análisis de Competencia
B3: ──────────────────────────────────────────────────
B5: Competidor | C5: Frecuencia Post | D5: Engagement % | E5: Alcance Promedio | F5: Tipo Contenido | G5: Fortalezas
B6: Competidor A | C6: Diario | D6: 8.5% | E6: 50K | F6: Educativo | G6: Contenido de calidad
B7: Competidor B | C7: 3x/semana | D7: 6.2% | E7: 35K | F7: Promocional | G7: Alta frecuencia
B8: Competidor C | C8: 2x/semana | D8: 9.1% | E8: 75K | F8: Mixto | G8: Alto engagement
B9: Competidor D | C9: Diario | D9: 5.8% | E9: 28K | F9: Noticias | G9: Actualidad constante

Sheet Plantillas
B2: Plantillas de Contenido
B3: ──────────────────────────────────────────────────
B5: Blog Post | C5: Título atractivo [Gancho inicial - 2-3 oraciones] ## Sección Principal [Contenido detallado] ## Otra Sección [Contenido] [Conclusión con CTA]
B9: Social Media | C9: [Gancho] [Contenido principal] [CTA] #hashtag1 #hashtag2
B13: Email | C13: Asunto: [Tema] Hola [Nombre], [Gancho] [Cuerpo del mensaje] [CTA] Saludos, [Firma]
B17: Landing Page | C17: [Headline] [Subheadline] [Beneficios clave] [Características] [Testimonios] [CTA principal]
