Workbook

Sheet 📊 Resumen Ejecutivo
A1: ✍️ Sistema de Creación de Contenido
A2: Variante Tech Startup - Resumen Ejecutivo
A3: Generado: 22/11/2025 02:28
A5: KPI | B5: Valor | C5: Tendencia | D5: Meta | E5: Estado | F5: Cálculo
A6: Tipos de Contenido Soportados | B6: 8 | C6: ↑ | D6: 10 | E6: En Progreso | F6: =CONTAR.SI(Datos!A:A,"*")
A7: Formatos de Salida | B7: 4 | C7: → | D7: 4 | E7: Completo | F7: =CONTAR.SI(Formatos!A:A,"*")
A8: Reglas de Formato | B8: 15 | C8: ↑ | D8: 20 | E8: En Progreso | F8: =CONTAR.SI(Reglas!A:A,"*")
A9: Restricciones Críticas | B9: 12 | C9: → | D9: 12 | E9: Completo | F9: =CONTAR.SI(Restricciones!A:A,"*")
A10: Tasa de Éxito | B10: 95% | C10: ↑ | D10: 98% | E10: Excelente | F10: =PROMEDIO(Métricas!B2:B10)

Sheet 🎯 Dashboard
A1: 📊 Dashboard Interactivo - Sistema de Creación de Contenido
A3: Métrica | B3: Valor | C3: Fórmula
A4: Total Tipos Contenido | B4: =CONTAR.SI('📋 Datos Detallados'!A:A,"*")-1 | C4: Cuenta tipos de contenido
A5: Contenido Total/Mes | B5: =SUMA('📊 Gráficos'!B2:B9) | C5: Suma de todo el contenido
A6: Tasa Aprobación Actual | B6: =INDICE('📈 Análisis y Métricas'!B:B,4) | C6: Última tasa de aprobación
A7: Promedio Satisfacción | B7: =PROMEDIO('📈 Análisis y Métricas'!B4:B12) | C7: Promedio de todas las métricas
A8: Máxima Tasa Conversión | B8: =MAX('📈 Análisis y Métricas'!B4:B12) | C8: Valor máximo de métricas

Sheet 📋 Datos Detallados
A1: Tipo de Contenido | B1: Características | C1: Plataforma | D1: Longitud Promedio | E1: Tiempo Producción | F1: Prioridad | G1: Score Calculado
A2: Blog Articles | B2: Artículos largos y detallados | C2: Web | D2: 2000-5000 | E2: 2-4h | F2: Alta | G2: =SI(F2="Alta",3,SI(F2="Media",2,1))
A3: Social Media | B3: Contenido conciso optimizado | C3: Instagram/Twitter | D3: 50-280 | E3: 15-30min | F3: Alta | G3: =SI(F3="Alta",3,SI(F3="Media",2,1))
A4: Email Marketing | B4: Mensajes con CTAs fuertes | C4: Email | D4: 100-500 | E4: 30-60min | F4: Media | G4: =SI(F4="Alta",3,SI(F4="Media",2,1))
A5: Landing Pages | B5: Copy persuasivo conversión | C5: Web | D5: 500-1500 | E5: 1-2h | F5: Alta | G5: =SI(F5="Alta",3,SI(F5="Media",2,1))
A6: Copywriting | B6: Lenguaje persuasivo | C6: Multi-plataforma | D6: 100-1000 | E6: 1-3h | F6: Alta | G6: =SI(F6="Alta",3,SI(F6="Media",2,1))
A7: Product Descriptions | B7: Características y beneficios | C7: E-commerce | D7: 100-300 | E7: 20-40min | F7: Media | G7: =SI(F7="Alta",3,SI(F7="Media",2,1))
A8: SEO Content | B8: Optimizado con keywords | C8: Web | D8: 1500-3000 | E8: 2-3h | F8: Alta | G8: =SI(F8="Alta",3,SI(F8="Media",2,1))
A9: Technical Docs | B9: Documentación con código | C9: Web/GitHub | D9: 1000-5000 | E9: 3-6h | F9: Media | G9: =SI(F9="Alta",3,SI(F9="Media",2,1))

Sheet 📈 Análisis y Métricas
A1: Métricas de Rendimiento del Sistema
A3: Métrica | B3: Valor Actual | C3: Valor Anterior | D3: Cambio %
A4: Tasa de Aprobación | B4: 95 | C4: 92 | D4: =((B4-C4)/C4)*100
A5: Tiempo Promedio Producción | B5: 2.5 | C5: 3.2 | D5: =((B5-C5)/C5)*100
A6: Satisfacción Usuario | B6: 4.8 | C6: 4.6 | D6: =((B6-C6)/C6)*100
A7: Contenido Generado/Mes | B7: 450 | C7: 380 | D7: =((B7-C7)/C7)*100
A8: Tasa de Conversión | B8: 12.5 | C8: 11.2 | D8: =((B8-C8)/C8)*100
A9: Engagement Rate | B9: 8.3 | C9: 7.5 | D9: =((B9-C9)/C9)*100
A10: SEO Ranking Promedio | B10: 4.2 | C10: 3.8 | D10: =((B10-C10)/C10)*100
A11: Tiempo de Respuesta | B11: 0.8 | C11: 1.2 | D11: =((B11-C11)/C11)*100
A12: Precisión Brand Voice | B12: 96 | C12: 94 | D12: =((B12-C12)/C12)*100

Sheet 📊 Gráficos
A1: Tipo | B1: Cantidad Mensual
A2: Blog Articles | B2: 120
A3: Social Media | B3: 200
A4: Email Marketing | B4: 80
A5: Landing Pages | B5: 30
A6: Copywriting | B6: 50
A7: Product Descriptions | B7: 100
A8: SEO Content | B8: 90
A9: Technical Docs | B9: 40
A15: Mes | B15: Contenido Generado | C15: Tasa Aprobación
A16: Ene | B16: 350 | C16: 92
A17: Feb | B17: 380 | C17: 93
A18: Mar | B18: 410 | C18: 94
A19: Abr | B19: 430 | C19: 94.5
A20: May | B20: 450 | C20: 95
A21: Jun | B21: 470 | C21: 95.5

Sheet 📚 Apéndices
A1: Categoría | B1: Elemento | C1: Descripción | D1: Referencia
A2: Formatos | B2: Word (.docx) | C2: Documentos con estilos personalizados | D2: Hoja: Formatos
A3: Formatos | B3: PDF | C3: Alta calidad con marcadores | D3: Hoja: Formatos
A4: Formatos | B4: Markdown (.md) | C4: Sintaxis extendida | D4: Hoja: Formatos
A5: Formatos | B5: Excel (.xlsx) | C5: Múltiples hojas y fórmulas | D5: Hoja: Formatos
A6: Reglas | B6: Inicio de Contenido | C6: Hook o resumen, nunca header | D6: Hoja: Reglas
A7: Reglas | B7: Encabezados | C7: Nivel 2 (##) para secciones | D7: Hoja: Reglas
A8: Reglas | B8: Listas | C8: Planas, sin anidar | D8: Hoja: Reglas
A9: Reglas | B9: Tablas | C9: Para comparaciones | D9: Hoja: Reglas
A10: Restricciones | B10: Lenguaje | C10: Sin moralización | D10: Hoja: Restricciones
A11: Restricciones | B11: Contenido | C11: Sin copyright | D11: Hoja: Restricciones
A12: Restricciones | B12: Formato | C12: Sin emojis en cuerpo | D12: Hoja: Restricciones
... A15: Colores | B15: Gris Carbón | C15: #374151 | D15: Tech Startup

Sheet ⚙️ Configuración
A1: ⚙️ Configuración y Validación de Datos
A3: Parámetro | B3: Valor | C3: Tipo Validación | D3: Descripción
A4: Prioridad Mínima | B4: Media | C4: Lista: Alta,Media,Baja | D4: Prioridad mínima aceptable
A5: Tiempo Máximo (horas) | B5: 6 | C5: Número: 0-24 | D5: Tiempo máximo de producción
A6: Longitud Mínima | B6: 50 | C6: Número: >0 | D6: Longitud mínima de contenido
A7: Tasa Aprobación Mínima | B7: 90% | C7: Porcentaje: 0-100% | D7: Tasa mínima de aprobación

Sheet 💰 ROI & Costos
A1: 💰 Calculadora de ROI y Análisis de Costos
A3: Concepto | B3: Valor | C3: Fórmula | D3: Resultado | E3: Notas
A4: Costo por Pieza de Contenido | B4: 50 | C4: =B4 | D4: Valor fijo | E4: Costo promedio de producción
A5: Piezas Generadas/Mes | B5: 450 | C5: =INDICE('📋 Datos Detallados'!A:A,2) | D5: Del sistema | E5: Del dashboard
A6: Costo Total Mensual | B6: =B4*B5 | C6: =B4*B5 | D6: Cálculo automático | E6: Costo total de producción
A7: Tiempo Ahorrado (horas/mes) | B7: 200 | C7: =B5*2.5 | D7: Estimado | E7: Tiempo ahorrado vs manual
A8: Valor Hora Trabajo | B8: 75 | C8: =Valor fijo | D8: Tarifa estándar | E8: Costo por hora de trabajo
A9: Ahorro en Tiempo ($) | B9: =B8*B9 | C9: =B8*B9 | D9: Cálculo automático | E9: Ahorro monetario
A10: ROI Mensual (%) | B10: =((B10-B6)/B6)*100 | C10: =((B10-B6)/B6)*100 | D10: Porcentaje | E10: Retorno de inversión
A11: ROI Anual (%) | B11: =B11*12 | C11: =B11*12 | D11: Proyección | E11: ROI anualizado
A12: Break-even (meses) | B12: =B6/B10 | C12: =B6/B10 | D12: Cálculo | E12: Meses para recuperar inversión

Sheet 🔮 Análisis Predictivo
A1: 🔮 Análisis Predictivo y Proyecciones
A3: Métrica | B3: Valor Actual | C3: Tendencia | D3: Proyección 3 Meses
A4: Contenido/Mes | B4: 450 | C4: ↑ | D4: =B4*1.15
A5: Tasa Aprobación | B5: 95 | C5: ↑ | D5: =B5*1.02
A6: Tiempo Producción | B6: 2.5 | C6: ↓ | D6: =B6*0.9
A7: Satisfacción | B7: 4.8 | C7: ↑ | D7: =B7*1.05
A8: Engagement Rate | B8: 8.3 | C8: ↑ | D8: =B8*1.1

Sheet 📝 Plantillas
A1: 📝 Plantillas y Ejemplos de Uso
A3: Tipo de Contenido | B3: Plantilla | C3: Ejemplo de Uso
A4: Blog Article | B4: Hook + 3 Secciones + CTA | C4: Artículo educativo de 2000 palabras
A5: Social Media | B5: Hook + Valor + CTA | C5: Post de Instagram optimizado
A6: Email | B6: Asunto + Cuerpo + CTA | C6: Newsletter semanal
A7: Landing Page | B7: Headline + Beneficios + CTA | C7: Página de producto
A8: Copywriting | B8: Propuesta + Prueba Social + CTA | C8: Anuncio publicitario
